feature,importance
production_mt,0.7586414648462376
harvested_area_ha,0.11691664785651829
planted_area_ha,0.05202061340648883
value_rm000,0.016132026176631953
district_Tenom,0.005613631972889027
fruit_code_BETIK,0.004360687560627829
fruit_raw_BETIK / Papaya,0.004129744715536519
fruit_local_BETIK,0.0036083079601464934
fruit_english_Papaya,0.003595474583737419
year,0.0029350382016026556
fruit_english_Durian,0.0022599281782628025
fruit_code_DURIAN,0.0020957842368707143
fruit_english_Watermelon,0.0019607603872325817
fruit_local_DURIAN,0.0019328737517591427
fruit_raw_DURIAN / (Durian),0.0018141970025366471
fruit_local_TEMBIKAI,0.0017130890908354241
fruit_code_TEMBIKAI,0.001620010218037786
fruit_raw_TEMBIKAI / Water-melon,0.0014311747010290414
fruit_raw_PISANG / Banana,0.0011061393625393689
fruit_local_PISANG,0.001000096682999896
fruit_english_Banana,0.0009099959668606037
fruit_english_Mango,0.0008612294017009473
district_Keningau,0.0007524151063155529
fruit_code_PISANG,0.0007180488000140692
district_Tawau,0.0005413919502347425
fruit_local_MANGGA,0.0005230995453002204
district_Kunak,0.00045885630370122226
district_Kuala Penyu,0.0004557873269685843
fruit_local_RAMBUTAN,0.00045301443407909137
fruit_english_Pineapple,0.0004231071405627424
fruit_raw_MANGGA / Mango,0.0004096407345096353
district_Tuaran,0.0003790653990019979
district_Kota Marudu,0.00036341821219966334
fruit_raw_RAMBUTAN / (Rambutan),0.00035790644673025686
fruit_code_MANGGA,0.00035268595467293076
fruit_raw_LIMAU BESAR / Pomelo,0.00034288189362793745
fruit_english_Pomelo,0.0003347000208800212
fruit_code_NANAS,0.00032994268939603126
fruit_local_NANAS,0.00030478484890305023
fruit_english_Rambutan,0.00030047192126017396
district_Ranau,0.00029061824264577394
fruit_code_JAMBU_BATU,0.0002812363725056515
district_Lahad Datu,0.0002535299661980459
fruit_raw_NANAS / Pineapple,0.00024396505713736313
district_Sandakan,0.00024129813723259414
fruit_code_LIMAU_BESAR,0.00022275465018636224
fruit_english_Guava,0.00022075045904808137
district_Sipitang,0.0002050282247966623
district_Kota Belud,0.0002011601910868683
fruit_code_RAMBUTAN,0.00019555230797052223
fruit_local_LIMAU BESAR,0.00016737849967566798
fruit_raw_JAMBU BATU / Guava,0.00014369916332028463
district_Tambunan,0.00013770850195177922
district_Beluran,0.00013418238131090966
district_Penampang,0.00012491023555377575
district_Telupid,0.00012050238753358213
fruit_local_JAMBU BATU,0.0001144354319329722
fruit_code_MATA_NAGA,0.00011361233384065328
fruit_english_Langsat,0.00011019570106055307
district_Kota Kinabalu,0.00010288001337525329
fruit_code_NANGKA,9.288344047105336e-05
district_Kudat,8.969835352742028e-05
district_Pitas,8.953473397872009e-05
fruit_local_SALAK,7.755791648252665e-05
district_Beaufort,7.753257019180053e-05
district_Sook,7.587895278821151e-05
fruit_raw_NANGKA / Jackfruit,7.248127468241589e-05
fruit_code_LANGSAT,7.0552900045246e-05
fruit_local_MATA NAGA,6.484847599842896e-05
fruit_english_Dragon Fruit,6.458074827843326e-05
fruit_raw_MATA NAGA / Dragon Fruit,6.094987535078148e-05
fruit_english_Jackfruit,6.0596293961992376e-05
district_Papar,5.98402250045026e-05
fruit_local_LANGSAT,5.8260471769652845e-05
district_Kinabatangan,5.7816105594165576e-05
district_Semporna,5.660238524825197e-05
fruit_local_NANGKA,4.722664110474209e-05
district_Matunggong,4.568732152504664e-05
fruit_raw_SALAK / (Salak),4.4706013831830594e-05
fruit_english_Salak,4.265752540974971e-05
fruit_raw_LANGSAT / (Langsat),4.10612952076437e-05
fruit_local_MANGGIS,3.676635666126568e-05
fruit_code_MANGGIS,3.508539843760042e-05
fruit_english_Mangosteen,2.950512888738009e-05
fruit_english_Cempedak,2.8873126028909557e-05
fruit_raw_BELIMBING / Starfruit,2.5176576430717575e-05
district_Tongod,2.45161114065362e-05
fruit_raw_MANGGIS / Mangosteen,2.372762512315818e-05
district_Nabawan/Pensiangan,2.2199648491669254e-05
fruit_local_BELIMBING,2.005546642022376e-05
fruit_english_Starfruit,1.9705908396738912e-05
fruit_raw_TEMBIKAI / Watermelon,1.9523298355070327e-05
fruit_code_BELIMBING,1.9146620993913595e-05
fruit_code_SALAK,1.8969134594354116e-05
fruit_local_CEMPEDAK,1.7072924980723518e-05
fruit_local_DOKONG,1.6644103742090885e-05
district_Putatan,1.578402900621381e-05
fruit_local_MATA NAGA/PITAYA,1.5581330746820447e-05
fruit_raw_DUKU / (Duku),1.494165935191678e-05
fruit_code_CEMPEDAK,1.4537193763655272e-05
fruit_raw_CEMPEDAK / (Cempedak),1.4496559045412068e-05
fruit_local_DUKU,1.4059695906474321e-05
fruit_code_DUKU,1.3362670287593904e-05
fruit_english_Dokong,1.220528361392217e-05
fruit_english_Duku,1.2009768815394778e-05
fruit_code_DOKONG,1.0624157291518523e-05
fruit_raw_DOKONG / (Dokong),8.315130748321565e-06
fruit_local_LIMAU MANIS,8.238962857004691e-06
fruit_english_Ciku,6.5780372010817295e-06
fruit_raw_MATA NAGA/PITAYA / Dragon Fruit,6.3452262265955445e-06
fruit_code_LIMAU_MANIS,5.7493005034719235e-06
fruit_raw_LIMAU MANIS / Sweet Orange,5.694766996822634e-06
fruit_code_CIKU,5.663766668314868e-06
fruit_english_Sweet Orange,5.4806081729156054e-06
fruit_local_CIKU,5.3279222753119045e-06
fruit_raw_CIKU / (Ciku),3.9406938301409125e-06
fruit_raw_CIKU / Sapodilla,3.451902554185025e-06
fruit_raw_CEMPEDAK,1.9854575804167975e-06
fruit_raw_Ciku / (Ciku),1.1565395860351155e-06
fruit_local_Ciku,1.015139764467979e-06
fruit_local_PULASAN,0.0
fruit_code_PULASAN,0.0
fruit_raw_PULASAN / (Pulasan),0.0
fruit_english_Pulasan,0.0
