crop_name,test_samples,accuracy,macro_precision,macro_recall,macro_f1
Angled Loofah,90,0.8111111111111111,0.444078947368421,0.3629032258064516,0.3740740740740741
Banana,90,0.8555555555555555,0.704225352112676,0.6296296296296297,0.6455379088674608
Bitter Gourd,90,0.7444444444444445,0.35321969696969696,0.35734552332912983,0.3547244094488189
Bottle Gourd,90,0.9666666666666667,0.4902597402597403,0.453125,0.46917104361726425
Brinjal,90,0.8333333333333334,0.6971830985915493,0.6206896551724138,0.6332631386193005
Cabbage,90,0.7222222222222222,0.3849206349206349,0.38680069930069927,0.3734069668649108
Cauliflower,90,0.8222222222222222,0.36430481283422456,0.3819444444444444,0.37142857142857144
Cempedak,90,0.8444444444444444,0.6649106002554278,0.6732804232804233,0.66875
Chilli,90,0.8333333333333334,0.6971830985915493,0.6206896551724138,0.6332631386193005
Chinese Cabbage,90,0.8333333333333334,0.4193121693121693,0.4621428571428572,0.43964124111182934
Chinese Kale,90,0.8444444444444444,0.4083333333333333,0.4141705069124424,0.4109666478236291
Ciku,90,0.9111111111111111,0.453125,0.4930555555555556,0.4717273954116059
Cucumber,90,0.8111111111111111,0.40555555555555556,0.422275641025641,0.41263440860215056
Dokong,90,0.8666666666666667,0.6729312354312355,0.6997354497354498,0.6848128673059078
Dragon Fruit,90,0.7222222222222222,0.8444117647058824,0.6694475867269984,0.6686743674367437
Duku,90,0.6888888888888889,0.5657445355191257,0.591304347826087,0.5779530447542186
Durian,90,0.7666666666666667,0.6516479663394109,0.6201388888888889,0.617601246105919
Four-angled Bean,90,0.9222222222222223,0.4565390749601276,0.45932112068965514,0.45785953177257527
French Bean,90,0.9333333333333333,0.48125,0.40625,0.4325674325674326
Guava,90,0.8111111111111111,0.444078947368421,0.3629032258064516,0.3740740740740741
Hot Chilli,90,0.8111111111111111,0.444078947368421,0.3629032258064516,0.3740740740740741
Jackfruit,90,0.7444444444444445,0.36428571428571427,0.3374794969928923,0.3426812585499316
Lady's Finger,90,0.8,0.42666666666666664,0.3586659376708584,0.3685918234912394
Langsat,90,0.8,0.6256265664160401,0.6532792925571113,0.6376774847870182
Leaf Mustard,90,0.7111111111111111,0.37560096153846156,0.3532608695652174,0.34805194805194806
Lettuce,90,0.7,0.34523809523809523,0.4224137931034483,0.3656023222060958
Long Bean,90,0.8111111111111111,0.444078947368421,0.3629032258064516,0.3740740740740741
Mango,90,0.8333333333333334,0.6971830985915493,0.6206896551724138,0.6332631386193005
Papaya,90,0.8333333333333334,0.6971830985915493,0.6206896551724138,0.6332631386193005
Pineapple,90,0.8333333333333334,0.45065789473684215,0.3706896551724138,0.385418434900696
Pomelo,90,0.8666666666666667,0.712962962962963,0.5625,0.5800000000000001
Pumpkin,90,0.6444444444444445,0.3010175240248728,0.2993439037725533,0.3
Radish,90,0.8333333333333334,0.4166666666666667,0.4534883720930233,0.4331550802139037
Rambutan,90,0.7555555555555555,0.6352672750977836,0.6152777777777778,0.6137820512820513
Salak,90,0.8444444444444444,0.2111111111111111,0.25,0.2289156626506024
Snake Gourd,90,0.8555555555555555,0.6305220883534136,0.4088654401154401,0.4623655913978495
Spinach(Bayam),90,0.8111111111111111,0.444078947368421,0.3629032258064516,0.3740740740740741
Spinach(Poh Choy),90,0.7888888888888889,0.3900862068965517,0.4536363636363636,0.41849091755938517
Spring Onion,90,0.8111111111111111,0.6521963824289405,0.5837542087542088,0.6044391281233387
Starfruit,90,0.8444444444444444,0.6977611940298507,0.640625,0.6508333333333334
Sweet Orange,90,0.7555555555555555,0.6019088669950738,0.6607758620689655,0.6252237737200144
Sweet Shoot,90,0.7555555555555555,0.3782894736842105,0.3890224358974359,0.3833116883116883
Tomato,90,0.9333333333333333,0.48125,0.40625,0.4325674325674326
Water Spinach,90,0.8333333333333334,0.45065789473684215,0.3706896551724138,0.385418434900696
Watermelon,90,0.7888888888888889,0.6383219954648526,0.6509661835748792,0.6444444444444445
Wax Gourd,90,0.6888888888888889,0.5461538461538462,0.4992997198879552,0.42924893534649633
